"cp","minsplit","minbucket","maxdepth","accuracy","kappa","balanced_accuracy","precision_satisfied","recall_satisfied","f1_satisfied","specificity"
5e-04,40,10,4,0.706986215538847,0.400762480987313,0.701908349802372,0.644919689006646,0.668115942028985,0.653117127080529,0.735700757575758
