"variable","importance"
"Q25_2",26.6864688729006
"Q26_1",12.3045395401997
"Q8",4.15477958500249
"Q15",1.43819293327009
