"cp","minsplit","minbucket","maxdepth","accuracy","kappa","balanced_accuracy","precision_satisfied","recall_satisfied","f1_satisfied","specificity"
0.01,60,30,3,0.676785714285714,0.291345256907296,0.637537055335968,0.700937395937396,0.402536231884058,0.499021155113806,0.872537878787879
